,num_factors,solver,init_type,beta_loss
0,260,multiplicative_update,nndsvda,frobenius
1,13,coordinate_descent,random,kullback-leibler
2,237,coordinate_descent,random,kullback-leibler
3,13,coordinate_descent,nndsvda,kullback-leibler
4,312,coordinate_descent,nndsvda,frobenius
5,16,coordinate_descent,random,kullback-leibler
6,94,multiplicative_update,random,frobenius
7,47,coordinate_descent,random,frobenius
8,290,coordinate_descent,random,kullback-leibler
9,84,coordinate_descent,random,frobenius
10,3,coordinate_descent,nndsvda,kullback-leibler
11,64,coordinate_descent,random,frobenius
12,269,coordinate_descent,random,frobenius
13,286,multiplicative_update,random,frobenius
14,216,multiplicative_update,nndsvda,frobenius
15,1,multiplicative_update,nndsvda,frobenius
16,164,multiplicative_update,random,frobenius
17,1,coordinate_descent,nndsvda,frobenius
18,151,coordinate_descent,random,frobenius
19,151,coordinate_descent,random,frobenius
20,152,coordinate_descent,random,frobenius
21,152,coordinate_descent,random,frobenius
22,152,coordinate_descent,random,frobenius
23,152,coordinate_descent,random,frobenius
24,153,coordinate_descent,random,frobenius
25,153,coordinate_descent,random,frobenius
26,153,coordinate_descent,random,frobenius
27,153,coordinate_descent,random,frobenius
28,153,coordinate_descent,random,frobenius
29,153,coordinate_descent,random,frobenius
30,153,coordinate_descent,random,frobenius
31,153,coordinate_descent,random,frobenius
32,153,coordinate_descent,random,frobenius
33,154,coordinate_descent,random,frobenius
34,154,coordinate_descent,random,frobenius
35,154,coordinate_descent,random,frobenius
36,154,coordinate_descent,random,frobenius
37,154,coordinate_descent,random,frobenius
38,154,coordinate_descent,random,frobenius
39,154,coordinate_descent,random,frobenius
40,154,coordinate_descent,random,frobenius
41,154,coordinate_descent,random,frobenius
42,154,coordinate_descent,random,frobenius
43,154,coordinate_descent,random,frobenius
44,154,coordinate_descent,random,frobenius
45,154,coordinate_descent,random,frobenius
46,154,coordinate_descent,random,frobenius
47,154,coordinate_descent,random,frobenius
48,154,coordinate_descent,random,frobenius
49,154,coordinate_descent,random,frobenius
