,topK,shrink,similarity,normalize,asymmetric_alpha,feature_weighting
0,720,386,asymmetric,True,0.030649944467247232,BM25
1,477,304,asymmetric,True,0.7258748574958372,BM25
2,127,27,asymmetric,True,0.023997199552169952,TF-IDF
3,93,433,asymmetric,True,1.717162417432515,TF-IDF
4,174,611,asymmetric,True,0.24915042605456256,none
5,58,716,asymmetric,True,1.4153920465622394,TF-IDF
6,646,972,asymmetric,True,0.23580650931681807,TF-IDF
7,433,871,asymmetric,True,1.4044441544881838,TF-IDF
8,50,24,asymmetric,True,1.1761197189524377,TF-IDF
9,912,668,asymmetric,True,0.03235397241501015,TF-IDF
10,542,537,asymmetric,True,1.085838402217279,BM25
11,544,785,asymmetric,True,1.5307591931997162,BM25
12,366,141,asymmetric,True,1.0559282135648547,TF-IDF
13,388,37,asymmetric,True,0.9283403967295345,TF-IDF
14,232,805,asymmetric,True,1.5899956656868524,TF-IDF
15,755,321,asymmetric,True,1.027111089762543,none
16,732,59,asymmetric,True,0.5861232481398689,BM25
17,319,793,asymmetric,True,1.9987464912387234,TF-IDF
18,189,203,asymmetric,True,0.7437026001911363,TF-IDF
19,574,852,asymmetric,True,1.573423814142657,TF-IDF
20,212,295,asymmetric,True,0.7760638299796045,TF-IDF
21,186,239,asymmetric,True,1.6977135410133193,BM25
22,335,829,asymmetric,True,0.17655796052396847,none
23,184,361,asymmetric,True,0.3148546010071696,BM25
24,331,183,asymmetric,True,0.12353982296859625,TF-IDF
25,621,77,asymmetric,True,1.6556560432108185,TF-IDF
26,597,185,asymmetric,True,1.2300020992941914,TF-IDF
27,114,188,asymmetric,True,0.19241813583388928,TF-IDF
28,672,12,asymmetric,True,0.8144124970082072,TF-IDF
29,690,726,asymmetric,True,0.09888327301929281,TF-IDF
30,300,482,asymmetric,True,0.2878063233365886,TF-IDF
31,981,946,asymmetric,True,0.0,TF-IDF
32,669,544,asymmetric,True,1.3222735319552734,TF-IDF
33,911,989,asymmetric,True,0.768995954690258,TF-IDF
34,805,987,asymmetric,True,1.9773142699922284,none
35,871,821,asymmetric,True,0.6155826161819437,TF-IDF
36,994,322,asymmetric,True,0.021540688644017484,TF-IDF
37,1000,843,asymmetric,True,0.0,TF-IDF
38,83,779,asymmetric,True,0.9271058010422876,TF-IDF
39,5,0,asymmetric,True,2.0,none
40,1000,1000,asymmetric,True,0.0,BM25
41,5,1000,asymmetric,True,5.551115123125783e-17,BM25
42,1000,613,asymmetric,True,0.0,none
43,21,996,asymmetric,True,1.9239773348363864,none
44,1000,337,asymmetric,True,2.0,TF-IDF
45,1000,589,asymmetric,True,0.0,TF-IDF
46,987,93,asymmetric,True,0.02150499705856679,none
47,5,1000,asymmetric,True,2.0,BM25
48,739,393,asymmetric,True,0.0,TF-IDF
49,1000,1000,asymmetric,True,0.0,none
50,997,352,asymmetric,True,1.9329464569332384,BM25
51,5,1000,asymmetric,True,0.0,TF-IDF
52,5,0,asymmetric,True,0.0,BM25
53,963,964,asymmetric,True,1.9955844376327052,BM25
54,1000,378,asymmetric,True,0.0,TF-IDF
55,1000,395,asymmetric,True,0.5410297893760478,TF-IDF
56,1000,676,asymmetric,True,0.0,TF-IDF
57,1000,561,asymmetric,True,2.0,none
58,5,656,asymmetric,True,1.9553348292632158,BM25
59,1000,680,asymmetric,True,0.0,TF-IDF
60,1000,673,asymmetric,True,0.0,TF-IDF
61,1000,672,asymmetric,True,0.0,TF-IDF
62,979,686,asymmetric,True,0.026030505618900412,BM25
63,889,888,asymmetric,True,0.0,TF-IDF
64,1000,885,asymmetric,True,0.0,TF-IDF
65,6,163,asymmetric,True,0.05074506845697792,none
66,5,621,asymmetric,True,1.8914943590817135,none
67,876,1000,asymmetric,True,0.0,TF-IDF
68,892,847,asymmetric,True,0.0,TF-IDF
69,44,720,asymmetric,True,0.1292624765771693,BM25
70,996,99,asymmetric,True,1.7197104658340356,none
71,953,6,asymmetric,True,1.7102422751839048,BM25
72,992,985,asymmetric,True,1.9925867992790491,TF-IDF
73,5,642,asymmetric,True,0.0,TF-IDF
74,68,993,asymmetric,True,1.992736493551522,TF-IDF
75,1000,308,asymmetric,True,0.0,TF-IDF
76,1000,0,asymmetric,True,0.0,BM25
77,1000,356,asymmetric,True,0.0,TF-IDF
78,5,869,asymmetric,True,0.949099076918143,BM25
79,971,748,asymmetric,True,1.0310135825594071,none
80,443,859,asymmetric,True,0.0034212935048714152,BM25
81,5,1000,asymmetric,True,0.26333825915868697,none
82,964,641,asymmetric,True,1.902569019067809,BM25
83,528,319,asymmetric,True,0.012057658283776144,none
84,1000,379,asymmetric,True,0.0,TF-IDF
85,992,740,asymmetric,True,1.9420465608665234,TF-IDF
86,1000,377,asymmetric,True,0.0,TF-IDF
87,19,981,asymmetric,True,1.1238397634309767,TF-IDF
88,994,993,asymmetric,True,0.9159997797163242,BM25
89,1000,374,asymmetric,True,0.0,TF-IDF
90,478,998,asymmetric,True,0.9460887827701034,none
91,995,361,asymmetric,True,0.7536182993835732,BM25
92,1000,387,asymmetric,True,0.0,TF-IDF
93,999,365,asymmetric,True,1.990804460484798,none
94,1000,446,asymmetric,True,0.0,TF-IDF
95,1000,414,asymmetric,True,0.0,TF-IDF
96,1000,437,asymmetric,True,0.0,TF-IDF
97,24,2,asymmetric,True,1.7785976862544886,BM25
98,1000,427,asymmetric,True,0.0,TF-IDF
99,233,1,asymmetric,True,0.07460810694288501,none
