,topK,shrink,similarity,normalize,feature_weighting
0,200,967,cosine,True,TF-IDF
1,424,958,cosine,False,TF-IDF
2,877,918,cosine,False,TF-IDF
3,397,563,cosine,True,none
4,744,497,cosine,False,TF-IDF
5,413,152,cosine,False,TF-IDF
6,216,804,cosine,False,TF-IDF
7,754,646,cosine,False,TF-IDF
8,833,480,cosine,False,none
9,988,272,cosine,False,none
10,886,861,cosine,False,BM25
11,847,702,cosine,True,none
12,188,184,cosine,False,TF-IDF
13,498,977,cosine,False,BM25
14,71,457,cosine,True,none
15,580,541,cosine,False,TF-IDF
16,330,391,cosine,True,TF-IDF
17,697,582,cosine,True,TF-IDF
18,780,350,cosine,False,BM25
19,645,959,cosine,True,TF-IDF
20,898,700,cosine,False,BM25
21,486,626,cosine,True,TF-IDF
22,557,133,cosine,False,TF-IDF
23,591,288,cosine,False,TF-IDF
24,751,571,cosine,False,BM25
25,953,189,cosine,False,BM25
26,159,412,cosine,False,TF-IDF
27,581,506,cosine,True,TF-IDF
28,800,320,cosine,False,TF-IDF
29,218,227,cosine,True,TF-IDF
30,17,36,cosine,True,BM25
31,1000,0,cosine,False,TF-IDF
32,957,7,cosine,True,TF-IDF
33,1000,1000,cosine,True,TF-IDF
34,1000,856,cosine,False,TF-IDF
35,987,981,cosine,True,BM25
36,957,0,cosine,True,none
37,5,1000,cosine,False,none
38,55,5,cosine,False,BM25
39,1000,1000,cosine,False,TF-IDF
40,25,5,cosine,False,none
41,994,348,cosine,True,BM25
42,102,999,cosine,True,none
43,11,970,cosine,True,BM25
44,989,996,cosine,False,none
45,9,505,cosine,True,BM25
46,1000,0,cosine,False,TF-IDF
47,1000,0,cosine,False,TF-IDF
48,1000,0,cosine,False,TF-IDF
49,8,606,cosine,False,BM25
50,1000,0,cosine,False,TF-IDF
51,926,20,cosine,True,BM25
52,17,41,cosine,True,none
53,9,494,cosine,False,none
54,955,988,cosine,True,none
55,542,689,cosine,True,BM25
56,987,3,cosine,False,none
57,17,984,cosine,False,TF-IDF
58,1000,489,cosine,False,TF-IDF
59,1000,0,cosine,False,TF-IDF
60,613,1,cosine,False,BM25
61,418,992,cosine,False,none
62,1000,112,cosine,False,TF-IDF
63,906,1000,cosine,True,TF-IDF
64,9,998,cosine,False,BM25
65,450,13,cosine,False,none
66,6,826,cosine,True,TF-IDF
67,13,3,cosine,False,TF-IDF
68,1000,1000,cosine,False,TF-IDF
69,271,381,cosine,False,BM25
70,268,973,cosine,True,BM25
71,582,991,cosine,True,none
72,1000,1000,cosine,False,TF-IDF
73,1000,1000,cosine,False,TF-IDF
74,1000,1000,cosine,False,TF-IDF
75,379,8,cosine,True,BM25
76,639,2,cosine,True,none
77,759,990,cosine,True,BM25
78,1000,1000,cosine,False,TF-IDF
79,229,524,cosine,False,none
80,1000,1000,cosine,False,TF-IDF
81,9,23,cosine,True,TF-IDF
82,543,1,cosine,True,TF-IDF
83,1000,839,cosine,False,TF-IDF
84,1000,850,cosine,False,TF-IDF
85,1000,854,cosine,False,TF-IDF
86,1000,854,cosine,False,TF-IDF
87,999,553,cosine,True,TF-IDF
88,7,410,cosine,True,TF-IDF
89,1000,761,cosine,True,TF-IDF
90,1000,0,cosine,False,TF-IDF
91,994,698,cosine,True,BM25
92,5,627,cosine,False,TF-IDF
93,255,3,cosine,True,none
94,322,516,cosine,False,TF-IDF
95,1000,769,cosine,False,TF-IDF
96,1000,943,cosine,False,TF-IDF
97,647,994,cosine,False,TF-IDF
98,1000,0,cosine,False,TF-IDF
99,1000,0,cosine,False,TF-IDF
